title,topic
Can a Minimum Viable Product Be a Building Block for Your Business?,Marketing
Will Your New E-Commerce Business Span the Cyber Globe?,E-commerce
Why PCI Compliance is Vital to Your Business,Cloud
The Truth About Magento and Entity-Attribute-Value,E-commerce
Multiple Inserts with Prepared Statements in Symfony 1.4,Development
Data Security: Do I Need an SSL Certificate?,Cloud
What's Wrong With My Web Font?,Design
Why Your Small Business Needs a Web Based Database,Development
How Symfony1.4 Provides a Route to a Better URL,Development
Add a Website to Your New Business,Marketing
Intro to Payment Gateways for Your Crowdfunding Site,E-commerce
3 Reasons to Consider the LAMP Solution Stack,Development
What a $7 Million Investment Says About Symfony,Development
4 Tips for Positive User Experience,Design
A Users Guide to WordPress Plug-Ins,Development
Is E-commerce an Option for your Brick & Mortar?,E-commerce
"SlickGrid - Versatile, Customizable, FAST",Development
What's the Plan to “Staff Up” Your New E-Commerce Business?,E-commerce
PHPStorm Blows in with a Whirlwind of Code Prowess,Development
Gherkin - It ain't just a Pickle!,Development
Editable DataGrid with jQuery,Development
Google Earth DIV Overlay via iframe Shim,Development
Planning Your E-Commerce Shipping & Customer Service Policies,E-commerce
"The ""What"" of MySQL ENUMs (as well as the ""Why""?)",Development
Choosing a Crowdfunding Platform,Development
Quick Overview of Drupal for Beginners & How To Get Started,Development
Forgotten Webpage Not Same as Deleted One (just ask LeBron),Marketing
Ecommerce Tips: How to Prepare for a Successful Holiday Season,E-commerce
Single Sign On Authentication Using a Symfony Framework,Development
5 Things Your E-Commerce Site Should Do Before the Holiday Rush,E-commerce
Comparison of 5 eCommerce Platforms for Small Business,E-commerce
Scalable Vector Graphics Growing Into the Standard,Design
5 Factors that Influence eCommerce Buying Decisions,E-commerce
3 Examples of Using LESS for Efficient CSS,Development
Load Testing the Scalability of Your App & Infrastructure,Cloud
Symfony CMF vs WordPress CMS,Development
Make Your Website Mobile Friendly or Face Extinction On Google,Design
"Using PHPCR and Its Sidekick, Jackalope",Development
Achieving PCI Compliance for SAQ D with Amazon AWS,Cloud
"Drupal 8, Grounded in Symfony",Development
Free Plugin for Monitoring Rackspace Postfix Email Queue,Cloud
Troubleshoot PHP Performance Issues With Blackfire Profiler,Development
Endertech Takes on the 100 Day Project,Marketing
Bounce Rates: How They Affect Your Conversion Rates and How to Fix Them – Starting Today,Marketing
What is CRO and Why Do E-Commerce Sites Need It?,E-commerce
Is Your E-Commerce Site Ready for the Holiday Shopping Season?,E-commerce
Why Aren't Drupal 8 Menus Part of Configuration Management?!,Development
What Is Great Web Development?,Development
Defining Great Web Design,Design
Why Go Mobile?,Design
What Is Search Engine Optimization in 2017?,Marketing
The Basics About Database Applications,Development
Tech Predictions for 2016,Cloud
What is Great Software Development?,Development
Easily Increase WordPress User Security,Cloud
"The Imagine 2016 Conference Welcomes Magic, Magento 2, & Magento Enterprise Cloud",E-commerce
Highlights from the 2016 Global Security Report by Trustwave,Cloud
Your Content Management System... More Than What Your Users See,Development
API's And Your Company's Software,Development
Three Highlights for Merchants in the new PCI DSS 3.2,Cloud
Product Design Defined,Design
Rebrand & Drupal 8 CMS for Famous Auction House - Doyle New York,Design
Behold Firebase 2.0!,Development
Magento Deployment for Major Athletic Apparel Maker,E-commerce
Notable Updates for Authorize.Net - July 2016,E-commerce
How to Fix Your Custom Theme After Magento 2.1.0 Upgrade Breaks It,E-commerce
What's coming up for Bluetooth on the web?,Cloud
"Brief Intro to Eddystone, Physical Web, and Google Nearby",Cloud
Building a Shopify Carrier Service App,E-commerce
Edge Computing with Fastly CDN and Varnish VCL for Authenticated Requests,Cloud
Shopify vs. Magento: Which to choose?,E-commerce
Planning for 2018 - Fundamental Plan For Every Website,Design
Will an Off-the-Shelf Solution Work for Your Social Network Web Design?,Design
"It's Not Just a Lightbulb: 12 Fundamental Parts of a Secure ""Thing""",Cloud
How to Customize Magento 2 Shipping Methods,E-commerce
How to Customize Magento 2 Product Bundles,E-commerce
Automating Custom Email Logic With Magento 2,E-commerce
10 Tips to Build a Successful Software Product,Management
How to Get Your Products on Google Shopping,E-commerce
How to Have a Successful Project - Part One - Preparation,Management
Notable Updates for Authorize.Net – March 2017,E-commerce
The Joys of Parameterization,Development
E-commerce Essentials<br>(Consumer Case),E-commerce
High Performing Culture - Part Zero,Management
E-commerce Essentials<br>(Vendor Case),E-commerce
Maximize Your Conversion Rate,Marketing
Laravel Homestead,Development
Wordpress Custom Post Types,Development
Introduction to MongoDB,Development
Managing Remote Offshore Software Development Teams,Management
Get the Most From the Web Designer You Hire,Design
CSS FlexBox intro,Development
The 4 Types of Software Maintenance,Development
The Logo Comes Last: Developing an Effective Brand Identity,Design
Don’t Leave “Value” Out of Your Instagram Marketing,Marketing
E-Commerce Marketing and Remarketing - the Answer to Cart Abandonment,E-commerce
Why You Should Use Sketch,Design
Fast Magento 2 Product Import: Automation with Google Sheets,E-commerce
Automate Your Marketing,Marketing
My Favorite Symfony Console Commands,Development
Optimize Your Website Using Lucky Orange,Marketing
Essential Plugins for Sketch,Design
5 Things to Consider When Designing (or Redesigning) an SMB Website,Design
Wordpress Magento Integration,Marketing
High Performing Culture - Part One,Management
Multi Store Setup in Magento 2,E-commerce
Atomic Design: Revolution or Recycled Jargon?,Design
Magento 2 Product Types,E-commerce
Act Like a Media Company,Marketing
Adding Custom Fields to Custom Post Types,Development
Ace Code Editor - Setting Up for Inline JS Code Editing,Development
Proven Testing Strategies For Your Next Software Project,Management
Leveraging the Mini Cart for More and Larger Sales,E-commerce
Small Business Disaster Recovery Plan,Management
The Skill to Master in Sketch for Designing Modular Systems,Design
WordPress: One of the Best Content Management Systems,Development
Hakata Ikkousha: Endertech Cultural Food Review,Culture
Know Your Magento 2 Tax Configuration,E-commerce
3 Things I Learned as a Junior Developer,Development
High Performing Culture - Part Two,Management
6 Best Professional Software Demonstration Techniques,Development
Medium: The Online Publishing Platform That Can Grow Your Audience,Marketing
How to Set Up Jira for Project Success,Management
Building with Technology,Development
Magento 2 Promotions,E-commerce
Actions Over Assumptions: Testing New Marketing Strategies,Marketing
Storytelling in Social Media for Ecommerce Results,Marketing
High Performing Culture - Part Three,Culture
5 Things I Learned in My First Year of Project Management,Management
1 Year In: Essentials for a New Software Developer,Development
E-commerce Trends + Facts 2018,E-commerce
Optimizing Your Checkout Funnel,E-commerce
Digital Marketing and Search Engine Optimization (SEO),Marketing
JS Design Using Objects,Development
Music Pad Controller Using only JavaScript HTML and CSS,Development
Celebrating International Women’s Day,Culture
Managing the Challenging Transition to AdWords New UI,Marketing
The Hana Shirt Co. Release!,Press Release
Progressive Web Apps,Development